image_name,labels
emotionet_5_first_50000_12.jpg,no_wrinkles no_freakles no_glasses gray has_few_hairs
emotionet_5_first_50000_60.jpg,no_wrinkles no_freakles no_glasses black has_thick_hair
emotionet_5_first_50000_107.jpg,no_wrinkles no_freakles no_glasses blond has_few_hairs
emotionet_5_first_50000_159.jpg,no_wrinkles no_freakles no_glasses black bald_or_shaved
emotionet_5_first_50000_232.jpg,wrinkles no_freakles normal_glasses black has_few_hairs
emotionet_5_first_50000_235.jpg,no_wrinkles no_freakles no_glasses black has_thick_hair
emotionet_5_first_50000_391.jpeg,no_wrinkles no_freakles normal_glasses white has_thick_hair
emotionet_5_first_50000_400.jpeg,no_wrinkles no_freakles sunglasses brown has_thick_hair
emotionet_5_first_50000_493.jpg,no_wrinkles no_freakles no_glasses brown has_thick_hair
emotionet_5_first_50000_514.jpg,no_wrinkles freakles no_glasses brown has_thick_hair
emotionet_5_first_50000_538.jpg,no_wrinkles no_freakles no_glasses black bald_or_shaved
emotionet_5_first_50000_685.jpg,no_wrinkles no_freakles no_glasses brown has_thick_hair
emotionet_5_first_50000_729.jpg,wrinkles no_freakles no_glasses black has_thick_hair
emotionet_5_first_50000_913.jpg,no_wrinkles no_freakles normal_glasses brown has_thick_hair
emotionet_5_first_50000_1028.jpg,no_wrinkles no_freakles no_glasses red has_thick_hair
emotionet_5_first_50000_1071.jpg,no_wrinkles no_freakles normal_glasses brown has_thick_hair
emotionet_5_first_50000_1085.jpg,no_wrinkles no_freakles no_glasses white has_thick_hair
emotionet_5_first_50000_1170.jpg,no_wrinkles no_freakles normal_glasses mixed has_few_hairs
emotionet_5_first_50000_1239.jpg,no_wrinkles no_freakles no_glasses black has_thick_hair
emotionet_5_first_50000_1245.jpg,wrinkles no_freakles no_glasses brown has_few_hairs
emotionet_5_first_50000_1344.jpg,wrinkles no_freakles no_glasses black has_few_hairs
emotionet_5_first_50000_1392.jpg,no_wrinkles no_freakles no_glasses blond has_thick_hair
emotionet_5_first_50000_1417.jpg,no_wrinkles no_freakles no_glasses brown bald_or_shaved
emotionet_5_first_50000_1432.jpg,wrinkles no_freakles no_glasses mixed has_thick_hair
emotionet_5_first_50000_1623.jpg,wrinkles no_freakles no_glasses brown has_thick_hair
emotionet_5_first_50000_1689.jpg,no_wrinkles no_freakles no_glasses brown has_thick_hair
emotionet_5_first_50000_1722.jpg,no_wrinkles no_freakles no_glasses black has_thick_hair
emotionet_5_first_50000_1840.jpg,no_wrinkles no_freakles no_glasses blond has_thick_hair
emotionet_5_first_50000_1862.jpg,no_wrinkles no_freakles normal_glasses black bald_or_shaved
emotionet_5_first_50000_1891.jpg,no_wrinkles no_freakles no_glasses black has_thick_hair
emotionet_5_first_50000_1946.jpg,no_wrinkles no_freakles no_glasses white has_thick_hair
emotionet_5_first_50000_2047.jpg,no_wrinkles no_freakles no_glasses black has_few_hairs
emotionet_5_first_50000_2111.jpg,no_wrinkles no_freakles no_glasses other has_thick_hair
emotionet_5_first_50000_2141.jpg,wrinkles no_freakles no_glasses gray has_thick_hair
emotionet_5_first_50000_2154.jpeg,no_wrinkles no_freakles no_glasses black has_thick_hair
emotionet_5_first_50000_2164.jpg,no_wrinkles no_freakles no_glasses brown bald_or_shaved
emotionet_5_first_50000_2197.jpg,no_wrinkles no_freakles no_glasses brown bald_or_shaved
emotionet_5_first_50000_2251.jpg,no_wrinkles no_freakles no_glasses brown has_thick_hair
emotionet_5_first_50000_2267.JPG,no_wrinkles no_freakles no_glasses brown has_thick_hair
emotionet_5_first_50000_2287.jpg,no_wrinkles no_freakles no_glasses brown has_thick_hair
emotionet_5_first_50000_2317.jpeg,no_wrinkles no_freakles no_glasses white has_thick_hair
emotionet_5_first_50000_2426.jpg,no_wrinkles freakles no_glasses brown has_thick_hair
emotionet_5_first_50000_2579.jpg,wrinkles no_freakles normal_glasses white has_few_hairs
emotionet_5_first_50000_2828.jpg,no_wrinkles no_freakles no_glasses black has_thick_hair
emotionet_5_first_50000_2882.jpg,no_wrinkles no_freakles sunglasses brown has_thick_hair
emotionet_5_first_50000_2918.JPG,no_wrinkles no_freakles sunglasses brown has_thick_hair
emotionet_5_first_50000_2977.jpg,no_wrinkles no_freakles no_glasses brown has_thick_hair
emotionet_5_first_50000_3070.jpg,wrinkles no_freakles no_glasses brown has_thick_hair
emotionet_5_first_50000_3128.jpg,no_wrinkles no_freakles no_glasses black has_thick_hair
emotionet_5_first_50000_3182.jpg,no_wrinkles no_freakles no_glasses black has_thick_hair
emotionet_5_first_50000_3238.jpg,no_wrinkles no_freakles no_glasses black has_thick_hair
emotionet_5_first_50000_3266.jpg,wrinkles no_freakles no_glasses white has_thick_hair
emotionet_5_first_50000_3345.jpg,no_wrinkles freakles normal_glasses red has_thick_hair
emotionet_5_first_50000_3434.jpg,no_wrinkles no_freakles no_glasses black has_thick_hair
emotionet_5_first_50000_3448.jpg,no_wrinkles no_freakles no_glasses brown bald_or_shaved
emotionet_5_first_50000_3609.jpg,no_wrinkles no_freakles no_glasses brown bald_or_shaved
emotionet_5_first_50000_3659.jpg,wrinkles no_freakles no_glasses brown has_thick_hair
emotionet_5_first_50000_3723.jpg,no_wrinkles no_freakles no_glasses black has_thick_hair
emotionet_5_first_50000_3758.jpg,no_wrinkles no_freakles no_glasses black has_thick_hair
emotionet_5_first_50000_3846.jpg,no_wrinkles no_freakles no_glasses brown bald_or_shaved
emotionet_5_first_50000_3899.jpg,no_wrinkles no_freakles no_glasses brown has_thick_hair
emotionet_5_first_50000_3940.jpg,wrinkles no_freakles no_glasses white has_thick_hair
emotionet_5_first_50000_4050.jpg,wrinkles no_freakles no_glasses blond has_thick_hair
emotionet_5_first_50000_4216.jpg,no_wrinkles no_freakles no_glasses brown has_thick_hair
emotionet_5_first_50000_4233.jpg,wrinkles no_freakles normal_glasses white bald_or_shaved
emotionet_5_first_50000_4332.jpg,no_wrinkles no_freakles no_glasses black has_thick_hair
emotionet_5_first_50000_4349.jpg,no_wrinkles no_freakles no_glasses brown bald_or_shaved
emotionet_5_first_50000_4398.jpg,no_wrinkles no_freakles no_glasses black has_thick_hair
emotionet_5_first_50000_4515.jpg,no_wrinkles no_freakles no_glasses white has_thick_hair
emotionet_5_first_50000_4545.jpg,wrinkles no_freakles no_glasses black has_thick_hair
emotionet_5_first_50000_4602.jpg,no_wrinkles no_freakles no_glasses brown has_few_hairs
emotionet_5_first_50000_4677.jpg,no_wrinkles no_freakles no_glasses black has_thick_hair
emotionet_5_first_50000_4813.jpg,no_wrinkles no_freakles no_glasses brown has_thick_hair
emotionet_5_first_50000_4836.jpg,no_wrinkles no_freakles no_glasses blond has_thick_hair
emotionet_5_first_50000_4892.jpg,wrinkles no_freakles no_glasses white has_thick_hair
emotionet_5_first_50000_4912.jpg,wrinkles no_freakles normal_glasses white bald_or_shaved
emotionet_5_first_50000_4937.jpg,no_wrinkles no_freakles no_glasses white has_few_hairs
emotionet_5_first_50000_5113.jpg,wrinkles no_freakles normal_glasses black has_thick_hair
emotionet_5_first_50000_5136.jpg,wrinkles no_freakles no_glasses brown has_few_hairs
emotionet_5_first_50000_5204.jpg,no_wrinkles no_freakles no_glasses gray has_thick_hair
emotionet_5_first_50000_5221.jpg,wrinkles no_freakles no_glasses black has_few_hairs
emotionet_5_first_50000_5384.jpg,no_wrinkles no_freakles no_glasses white has_thick_hair
emotionet_5_first_50000_5451.jpg,no_wrinkles no_freakles no_glasses black has_thick_hair
emotionet_5_first_50000_5473.jpg,wrinkles no_freakles no_glasses white has_thick_hair
emotionet_5_first_50000_5487.jpg,no_wrinkles no_freakles no_glasses black has_thick_hair
emotionet_5_first_50000_5575.jpg,no_wrinkles no_freakles normal_glasses black has_thick_hair
emotionet_5_first_50000_5610.jpg,wrinkles no_freakles no_glasses white has_few_hairs
emotionet_5_first_50000_5662.jpg,no_wrinkles freakles no_glasses black has_thick_hair
emotionet_5_first_50000_5665.jpg,no_wrinkles no_freakles no_glasses black has_thick_hair
emotionet_5_first_50000_5741.jpg,no_wrinkles no_freakles no_glasses black bald_or_shaved
emotionet_5_first_50000_5797.jpg,wrinkles no_freakles normal_glasses black has_thick_hair
emotionet_5_first_50000_5959.jpg,no_wrinkles no_freakles no_glasses blond has_thick_hair
emotionet_5_first_50000_6073.jpg,no_wrinkles no_freakles no_glasses blond has_thick_hair
emotionet_5_first_50000_6159.jpg,no_wrinkles no_freakles no_glasses black has_thick_hair
emotionet_5_first_50000_6249.jpg,wrinkles no_freakles no_glasses black has_thick_hair
emotionet_5_first_50000_6408.JPG,wrinkles no_freakles no_glasses black bald_or_shaved
emotionet_5_first_50000_6467.jpg,wrinkles no_freakles no_glasses white bald_or_shaved
emotionet_5_first_50000_6538.jpg,no_wrinkles no_freakles no_glasses brown has_thick_hair
emotionet_5_first_50000_6621.jpg,no_wrinkles no_freakles no_glasses black has_few_hairs
emotionet_5_first_50000_6653.jpg,wrinkles no_freakles no_glasses black has_thick_hair
emotionet_5_first_50000_6815.jpg,no_wrinkles no_freakles no_glasses black has_thick_hair
emotionet_5_first_50000_6936.jpg,no_wrinkles no_freakles no_glasses blond has_thick_hair
emotionet_5_first_50000_6995.jpg,wrinkles no_freakles normal_glasses white bald_or_shaved
emotionet_5_first_50000_7013.jpg,no_wrinkles no_freakles no_glasses black has_thick_hair
emotionet_5_first_50000_7036.jpg,no_wrinkles no_freakles no_glasses brown has_thick_hair
emotionet_5_first_50000_7061.jpg,no_wrinkles no_freakles no_glasses white has_thick_hair
emotionet_5_first_50000_7145.jpg,wrinkles no_freakles normal_glasses gray bald_or_shaved
emotionet_5_first_50000_7180.JPG,wrinkles no_freakles no_glasses black has_thick_hair
emotionet_5_first_50000_7194.jpg,no_wrinkles no_freakles no_glasses black has_thick_hair
emotionet_5_first_50000_7304.jpg,wrinkles no_freakles no_glasses black has_thick_hair
emotionet_5_first_50000_7378.jpg,wrinkles no_freakles no_glasses white has_thick_hair
emotionet_5_first_50000_7409.jpg,no_wrinkles no_freakles no_glasses black has_thick_hair
emotionet_5_first_50000_7472.jpg,no_wrinkles no_freakles no_glasses white has_thick_hair
emotionet_5_first_50000_7558.jpg,no_wrinkles no_freakles no_glasses brown bald_or_shaved
emotionet_5_first_50000_7589.jpg,no_wrinkles no_freakles normal_glasses black has_thick_hair
emotionet_5_first_50000_7663.jpg,no_wrinkles no_freakles no_glasses blond has_thick_hair
emotionet_5_first_50000_7717.jpg,no_wrinkles no_freakles normal_glasses black has_thick_hair
emotionet_5_first_50000_7796.jpg,no_wrinkles no_freakles no_glasses brown has_thick_hair
emotionet_5_first_50000_7807.jpg,no_wrinkles no_freakles no_glasses black has_thick_hair
emotionet_5_first_50000_7822.jpg,no_wrinkles no_freakles no_glasses white has_thick_hair
emotionet_5_first_50000_7924.jpg,no_wrinkles no_freakles no_glasses white has_thick_hair
emotionet_5_first_50000_8037.jpg,no_wrinkles no_freakles no_glasses brown has_few_hairs
emotionet_5_first_50000_8039.jpg,wrinkles no_freakles no_glasses white has_thick_hair
emotionet_5_first_50000_8093.jpg,wrinkles no_freakles no_glasses brown bald_or_shaved
emotionet_5_first_50000_8113.jpg,no_wrinkles no_freakles no_glasses black has_thick_hair
emotionet_5_first_50000_8143.jpg,wrinkles no_freakles no_glasses brown has_thick_hair
emotionet_5_first_50000_8192.jpg,no_wrinkles no_freakles normal_glasses blond has_thick_hair
emotionet_5_first_50000_8204.jpg,no_wrinkles no_freakles no_glasses blond has_thick_hair
emotionet_5_first_50000_8253.jpg,no_wrinkles no_freakles no_glasses black has_thick_hair
emotionet_5_first_50000_8285.jpg,wrinkles no_freakles no_glasses black has_thick_hair
emotionet_5_first_50000_8406.jpg,no_wrinkles no_freakles normal_glasses black bald_or_shaved
emotionet_5_first_50000_8456.jpg,no_wrinkles no_freakles no_glasses black bald_or_shaved
emotionet_5_first_50000_8500.jpg,wrinkles no_freakles no_glasses white has_thick_hair
emotionet_5_first_50000_8522.jpg,no_wrinkles no_freakles no_glasses black has_thick_hair
emotionet_5_first_50000_8734.jpg,no_wrinkles no_freakles no_glasses black has_thick_hair
emotionet_5_first_50000_8748.jpg,no_wrinkles no_freakles no_glasses black has_thick_hair
emotionet_5_first_50000_8799.jpg,no_wrinkles no_freakles no_glasses blond has_thick_hair
emotionet_5_first_50000_8824.jpg,no_wrinkles no_freakles no_glasses black has_thick_hair
emotionet_5_first_50000_8851.jpg,no_wrinkles no_freakles no_glasses black has_thick_hair
emotionet_5_first_50000_8880.jpg,no_wrinkles no_freakles no_glasses black has_thick_hair
emotionet_5_first_50000_8889.jpg,no_wrinkles no_freakles no_glasses black has_thick_hair
emotionet_5_first_50000_8950.jpg,no_wrinkles no_freakles no_glasses other bald_or_shaved
emotionet_5_first_50000_8981.jpg,no_wrinkles freakles no_glasses brown has_thick_hair
emotionet_5_first_50000_9072.jpg,no_wrinkles no_freakles no_glasses black has_thick_hair
emotionet_5_first_50000_9086.jpg,no_wrinkles no_freakles no_glasses black has_thick_hair
emotionet_5_first_50000_9151.jpg,no_wrinkles no_freakles no_glasses brown has_thick_hair
emotionet_5_first_50000_9174.jpg,no_wrinkles no_freakles no_glasses black has_thick_hair
emotionet_5_first_50000_9218.jpg,no_wrinkles no_freakles no_glasses black has_thick_hair
emotionet_5_first_50000_9264.jpg,no_wrinkles freakles no_glasses blond has_thick_hair
emotionet_5_first_50000_9297.jpg,no_wrinkles no_freakles no_glasses blond has_thick_hair
emotionet_5_first_50000_9391.jpg,no_wrinkles no_freakles no_glasses blond has_thick_hair
emotionet_5_first_50000_9413.jpg,no_wrinkles no_freakles no_glasses brown has_thick_hair
emotionet_5_first_50000_9431.jpg,no_wrinkles no_freakles no_glasses blond has_thick_hair
emotionet_5_first_50000_9560.jpg,wrinkles no_freakles no_glasses black has_few_hairs
emotionet_5_first_50000_9700.jpeg,no_wrinkles no_freakles no_glasses brown has_thick_hair
emotionet_5_first_50000_9703.jpg,no_wrinkles no_freakles no_glasses blond has_thick_hair
emotionet_5_first_50000_9753.jpg,no_wrinkles no_freakles no_glasses brown has_thick_hair
emotionet_5_first_50000_9836.jpg,no_wrinkles no_freakles normal_glasses black has_few_hairs
emotionet_5_first_50000_9895.jpg,no_wrinkles no_freakles no_glasses brown has_thick_hair
emotionet_5_first_50000_9967.jpg,no_wrinkles no_freakles no_glasses blond has_thick_hair
emotionet_5_first_50000_10052.jpg,no_wrinkles no_freakles no_glasses blond has_thick_hair
emotionet_5_first_50000_10077.jpg,wrinkles no_freakles no_glasses white bald_or_shaved
emotionet_5_first_50000_10084.jpg,no_wrinkles no_freakles no_glasses white has_thick_hair
emotionet_5_first_50000_10162.JPG,no_wrinkles no_freakles no_glasses black has_thick_hair
emotionet_5_first_50000_10182.jpg,no_wrinkles no_freakles no_glasses black has_thick_hair
emotionet_5_first_50000_10185.jpg,no_wrinkles no_freakles normal_glasses black has_thick_hair
emotionet_5_first_50000_10243.jpg,no_wrinkles no_freakles no_glasses brown bald_or_shaved
emotionet_5_first_50000_10339.jpg,no_wrinkles no_freakles no_glasses blond has_thick_hair
emotionet_5_first_50000_10345.jpg,no_wrinkles no_freakles no_glasses brown has_thick_hair
emotionet_5_first_50000_10394.jpg,no_wrinkles freakles no_glasses black bald_or_shaved
emotionet_5_first_50000_10433.jpg,no_wrinkles no_freakles no_glasses black has_thick_hair
emotionet_5_first_50000_10499.jpg,no_wrinkles no_freakles no_glasses brown bald_or_shaved
emotionet_5_first_50000_10510.jpg,no_wrinkles no_freakles no_glasses black has_thick_hair
emotionet_5_first_50000_10532.jpg,no_wrinkles no_freakles no_glasses black has_thick_hair
emotionet_5_first_50000_10600.jpg,no_wrinkles no_freakles no_glasses brown has_thick_hair
emotionet_5_first_50000_10701.jpg,no_wrinkles no_freakles no_glasses red has_thick_hair
emotionet_5_first_50000_10789.jpg,no_wrinkles no_freakles no_glasses brown has_thick_hair
emotionet_5_first_50000_10940.jpg,no_wrinkles no_freakles no_glasses gray has_few_hairs
emotionet_5_first_50000_10965.jpg,no_wrinkles no_freakles no_glasses black has_thick_hair
emotionet_5_first_50000_10996.jpg,wrinkles no_freakles no_glasses blond has_thick_hair
emotionet_5_first_50000_11047.jpg,no_wrinkles no_freakles no_glasses black has_thick_hair
emotionet_5_first_50000_11096.jpg,no_wrinkles no_freakles normal_glasses brown has_thick_hair
emotionet_5_first_50000_11163.jpg,no_wrinkles no_freakles no_glasses brown bald_or_shaved
emotionet_5_first_50000_11208.jpg,no_wrinkles no_freakles no_glasses black has_thick_hair
emotionet_5_first_50000_11273.jpg,no_wrinkles no_freakles no_glasses brown bald_or_shaved
emotionet_5_first_50000_11287.jpg,no_wrinkles no_freakles no_glasses blond has_thick_hair
emotionet_5_first_50000_11350.jpg,no_wrinkles freakles no_glasses black has_few_hairs
emotionet_5_first_50000_11404.jpg,no_wrinkles no_freakles no_glasses brown has_thick_hair
emotionet_5_first_50000_11520.jpg,no_wrinkles no_freakles no_glasses brown has_thick_hair
emotionet_5_first_50000_11731.jpg,no_wrinkles no_freakles no_glasses black bald_or_shaved
emotionet_5_first_50000_11736.jpg,wrinkles no_freakles normal_glasses brown has_thick_hair
emotionet_5_first_50000_11828.jpg,no_wrinkles no_freakles no_glasses black has_thick_hair
emotionet_5_first_50000_11871.jpg,wrinkles no_freakles no_glasses brown has_thick_hair
emotionet_5_first_50000_11885.jpg,no_wrinkles no_freakles no_glasses brown has_thick_hair
emotionet_5_first_50000_12120.jpg,no_wrinkles no_freakles no_glasses black has_thick_hair
emotionet_5_first_50000_12152.jpg,no_wrinkles no_freakles no_glasses black has_thick_hair
emotionet_5_first_50000_12170.jpg,no_wrinkles no_freakles normal_glasses black has_thick_hair
emotionet_5_first_50000_12177.jpg,no_wrinkles no_freakles no_glasses black has_few_hairs
emotionet_5_first_50000_12239.jpg,no_wrinkles no_freakles no_glasses black has_thick_hair
emotionet_5_first_50000_12242.jpg,no_wrinkles no_freakles no_glasses black bald_or_shaved
emotionet_5_first_50000_12294.jpg,no_wrinkles no_freakles no_glasses black has_thick_hair
emotionet_5_first_50000_12392.jpg,no_wrinkles no_freakles no_glasses blond has_thick_hair
emotionet_5_first_50000_12419.jpg,wrinkles no_freakles normal_glasses white has_few_hairs
emotionet_5_first_50000_12656.jpg,wrinkles no_freakles no_glasses black has_thick_hair
emotionet_5_first_50000_12689.jpg,no_wrinkles no_freakles no_glasses brown has_thick_hair
emotionet_5_first_50000_12707.jpg,no_wrinkles no_freakles no_glasses black has_thick_hair
emotionet_5_first_50000_12788.jpg,no_wrinkles no_freakles no_glasses blond has_thick_hair
emotionet_5_first_50000_12865.jpg,no_wrinkles no_freakles no_glasses brown has_thick_hair
emotionet_5_first_50000_12933.jpg,no_wrinkles no_freakles no_glasses black has_thick_hair
emotionet_5_first_50000_12984.JPG,no_wrinkles no_freakles no_glasses brown has_thick_hair
emotionet_5_first_50000_13018.jpg,no_wrinkles no_freakles no_glasses brown has_thick_hair
emotionet_5_first_50000_13041.jpg,no_wrinkles no_freakles no_glasses black has_thick_hair
emotionet_5_first_50000_13064.jpg,no_wrinkles no_freakles no_glasses blond has_thick_hair
emotionet_5_first_50000_13097.jpg,no_wrinkles no_freakles no_glasses black bald_or_shaved
emotionet_5_first_50000_13147.jpg,no_wrinkles no_freakles no_glasses brown has_thick_hair
emotionet_5_first_50000_13209.jpg,no_wrinkles no_freakles no_glasses brown has_thick_hair
emotionet_5_first_50000_13288.jpg,no_wrinkles no_freakles no_glasses brown bald_or_shaved
emotionet_5_first_50000_13308.jpg,no_wrinkles no_freakles no_glasses black has_thick_hair
emotionet_5_first_50000_13380.jpg,no_wrinkles no_freakles no_glasses brown has_thick_hair
emotionet_5_first_50000_13402.jpg,no_wrinkles no_freakles no_glasses brown has_thick_hair
emotionet_5_first_50000_13427.jpg,wrinkles no_freakles no_glasses brown has_thick_hair
emotionet_5_first_50000_13482.jpeg,wrinkles no_freakles no_glasses other has_thick_hair
emotionet_5_first_50000_13526.jpg,wrinkles no_freakles no_glasses brown has_thick_hair
emotionet_5_first_50000_13715.jpg,no_wrinkles no_freakles no_glasses black has_thick_hair
emotionet_5_first_50000_13855.jpg,no_wrinkles no_freakles no_glasses blond has_thick_hair
emotionet_5_first_50000_13953.jpg,no_wrinkles no_freakles no_glasses brown bald_or_shaved
emotionet_5_first_50000_13982.jpg,wrinkles no_freakles no_glasses black has_thick_hair
emotionet_5_first_50000_14014.jpg,no_wrinkles no_freakles no_glasses black has_thick_hair
emotionet_5_first_50000_14061.jpg,no_wrinkles no_freakles no_glasses blond has_thick_hair
emotionet_5_first_50000_14112.jpg,no_wrinkles no_freakles no_glasses black has_thick_hair
emotionet_5_first_50000_14137.jpg,no_wrinkles no_freakles no_glasses blond has_thick_hair
emotionet_5_first_50000_14400.jpg,no_wrinkles no_freakles no_glasses brown bald_or_shaved
emotionet_5_first_50000_14475.jpg,no_wrinkles no_freakles no_glasses blond has_thick_hair
emotionet_5_first_50000_14508.jpg,no_wrinkles no_freakles sunglasses black has_thick_hair
emotionet_5_first_50000_14574.jpg,no_wrinkles no_freakles no_glasses black has_thick_hair
emotionet_5_first_50000_14822.jpg,no_wrinkles no_freakles no_glasses brown has_thick_hair
emotionet_5_first_50000_14888.jpg,no_wrinkles no_freakles no_glasses black has_thick_hair
emotionet_5_first_50000_15125.jpg,no_wrinkles freakles no_glasses black has_thick_hair
emotionet_5_first_50000_15188.jpg,no_wrinkles no_freakles no_glasses brown bald_or_shaved
emotionet_5_first_50000_15232.jpg,wrinkles no_freakles no_glasses white bald_or_shaved
emotionet_5_first_50000_15249.jpg,no_wrinkles no_freakles no_glasses black has_thick_hair
emotionet_5_first_50000_15364.jpg,no_wrinkles no_freakles no_glasses blond has_thick_hair
emotionet_5_first_50000_15412.jpg,no_wrinkles no_freakles no_glasses black has_few_hairs
emotionet_5_first_50000_15445.jpg,no_wrinkles no_freakles no_glasses black has_thick_hair
emotionet_5_first_50000_15467.jpg,no_wrinkles no_freakles no_glasses blond has_thick_hair
emotionet_5_first_50000_15493.jpg,no_wrinkles no_freakles no_glasses blond has_thick_hair
emotionet_5_first_50000_15566.jpg,no_wrinkles no_freakles no_glasses black has_thick_hair
emotionet_5_first_50000_15654.jpg,no_wrinkles no_freakles normal_glasses white bald_or_shaved
emotionet_5_first_50000_15729.jpg,no_wrinkles no_freakles no_glasses black has_thick_hair
emotionet_5_first_50000_15752.jpg,no_wrinkles no_freakles no_glasses black has_thick_hair
emotionet_5_first_50000_15777.jpg,wrinkles no_freakles no_glasses black has_thick_hair
emotionet_5_first_50000_15936.jpg,wrinkles no_freakles no_glasses brown has_thick_hair
emotionet_5_first_50000_15995.jpg,no_wrinkles no_freakles no_glasses blond has_thick_hair
emotionet_5_first_50000_16093.jpg,no_wrinkles no_freakles no_glasses blond bald_or_shaved
emotionet_5_first_50000_16114.jpg,no_wrinkles no_freakles no_glasses blond has_thick_hair
emotionet_5_first_50000_16131.jpg,no_wrinkles no_freakles no_glasses other has_thick_hair
emotionet_5_first_50000_16168.jpg,no_wrinkles no_freakles normal_glasses brown has_thick_hair
emotionet_5_first_50000_16204.jpg,no_wrinkles no_freakles no_glasses brown has_thick_hair
emotionet_5_first_50000_16271.jpg,no_wrinkles no_freakles no_glasses blond has_thick_hair
emotionet_5_first_50000_16298.JPG,no_wrinkles no_freakles no_glasses black bald_or_shaved
emotionet_5_first_50000_16305.jpg,no_wrinkles no_freakles no_glasses red has_thick_hair
emotionet_5_first_50000_16355.jpg,no_wrinkles no_freakles no_glasses white has_thick_hair
emotionet_5_first_50000_16480.jpg,no_wrinkles no_freakles no_glasses black has_thick_hair
emotionet_5_first_50000_16509.jpg,no_wrinkles no_freakles no_glasses blond has_thick_hair
emotionet_5_first_50000_16610.jpg,no_wrinkles no_freakles no_glasses black has_thick_hair
emotionet_5_first_50000_16640.jpg,no_wrinkles no_freakles no_glasses black has_thick_hair
emotionet_5_first_50000_16691.jpg,no_wrinkles no_freakles no_glasses black has_thick_hair
emotionet_5_first_50000_16741.jpg,no_wrinkles no_freakles no_glasses black has_thick_hair
emotionet_5_first_50000_16907.jpg,no_wrinkles no_freakles no_glasses blond has_thick_hair
emotionet_5_first_50000_17022.jpg,wrinkles no_freakles no_glasses blond has_thick_hair
emotionet_5_first_50000_17081.jpg,wrinkles no_freakles no_glasses gray has_thick_hair
emotionet_5_first_50000_17106.jpg,no_wrinkles no_freakles no_glasses brown has_thick_hair
emotionet_5_first_50000_17124.jpg,no_wrinkles no_freakles no_glasses black has_thick_hair
emotionet_5_first_50000_17216.jpg,no_wrinkles no_freakles no_glasses black has_thick_hair
emotionet_5_first_50000_17233.jpg,no_wrinkles no_freakles no_glasses black has_thick_hair
emotionet_5_first_50000_17347.jpg,no_wrinkles no_freakles no_glasses white bald_or_shaved
emotionet_5_first_50000_17431.jpg,wrinkles no_freakles no_glasses gray has_thick_hair
emotionet_5_first_50000_17492.jpg,no_wrinkles no_freakles no_glasses black has_thick_hair
emotionet_5_first_50000_17560.jpg,no_wrinkles no_freakles no_glasses black has_thick_hair
emotionet_5_first_50000_17569.jpg,no_wrinkles no_freakles no_glasses blond has_thick_hair
emotionet_5_first_50000_17602.jpg,no_wrinkles no_freakles no_glasses blond has_thick_hair
emotionet_5_first_50000_17629.jpg,no_wrinkles no_freakles no_glasses white has_thick_hair
emotionet_5_first_50000_17683.jpg,no_wrinkles no_freakles no_glasses black has_thick_hair
emotionet_5_first_50000_17776.jpg,no_wrinkles no_freakles no_glasses black has_thick_hair
emotionet_5_first_50000_17836.jpg,no_wrinkles freakles no_glasses red has_thick_hair
emotionet_5_first_50000_17967.jpg,no_wrinkles no_freakles no_glasses black bald_or_shaved
emotionet_5_first_50000_18008.jpg,no_wrinkles no_freakles no_glasses black has_thick_hair
emotionet_5_first_50000_18056.jpg,no_wrinkles no_freakles no_glasses black has_thick_hair
emotionet_5_first_50000_18172.jpg,no_wrinkles no_freakles no_glasses brown has_thick_hair
emotionet_5_first_50000_18195.JPG,no_wrinkles no_freakles no_glasses red has_thick_hair
emotionet_5_first_50000_18247.jpg,no_wrinkles no_freakles no_glasses black has_thick_hair
emotionet_5_first_50000_18415.jpg,no_wrinkles no_freakles no_glasses brown has_thick_hair
emotionet_5_first_50000_18536.jpg,no_wrinkles no_freakles no_glasses other has_thick_hair
emotionet_5_first_50000_18621.jpg,no_wrinkles no_freakles no_glasses black has_thick_hair
emotionet_5_first_50000_18685.jpg,no_wrinkles no_freakles no_glasses red has_thick_hair
emotionet_5_first_50000_18894.jpg,no_wrinkles no_freakles no_glasses blond has_thick_hair
emotionet_5_first_50000_18931.jpg,no_wrinkles no_freakles no_glasses brown has_thick_hair
emotionet_5_first_50000_18995.jpg,no_wrinkles no_freakles no_glasses blond has_thick_hair
emotionet_5_first_50000_19066.jpg,no_wrinkles no_freakles no_glasses black has_thick_hair
emotionet_5_first_50000_19092.jpg,no_wrinkles no_freakles no_glasses brown has_thick_hair
emotionet_5_first_50000_19194.jpg,no_wrinkles no_freakles no_glasses brown has_thick_hair
emotionet_5_first_50000_19252.jpg,no_wrinkles no_freakles no_glasses black has_thick_hair
emotionet_5_first_50000_19255.jpg,no_wrinkles no_freakles no_glasses blond has_thick_hair
emotionet_5_first_50000_19284.jpg,no_wrinkles no_freakles no_glasses black has_thick_hair
emotionet_5_first_50000_19353.jpg,no_wrinkles no_freakles no_glasses black has_thick_hair
emotionet_5_first_50000_19382.jpg,no_wrinkles no_freakles no_glasses blond has_thick_hair
emotionet_5_first_50000_19425.jpg,no_wrinkles no_freakles no_glasses black has_few_hairs
emotionet_5_first_50000_19488.jpg,no_wrinkles no_freakles no_glasses black has_thick_hair
emotionet_5_first_50000_19530.JPG,no_wrinkles no_freakles no_glasses white has_thick_hair
emotionet_5_first_50000_19580.jpg,wrinkles no_freakles no_glasses black has_thick_hair
emotionet_5_first_50000_19634.jpg,no_wrinkles no_freakles no_glasses brown has_thick_hair
emotionet_5_first_50000_19710.jpg,no_wrinkles no_freakles no_glasses brown bald_or_shaved
emotionet_5_first_50000_19732.jpg,no_wrinkles no_freakles no_glasses brown has_thick_hair
emotionet_5_first_50000_19872.jpg,no_wrinkles no_freakles no_glasses black has_thick_hair
emotionet_5_first_50000_20098.jpg,no_wrinkles no_freakles no_glasses white bald_or_shaved
emotionet_5_first_50000_20134.jpg,no_wrinkles no_freakles no_glasses other has_few_hairs
emotionet_5_first_50000_20199.jpg,no_wrinkles no_freakles no_glasses black bald_or_shaved
emotionet_5_first_50000_20206.jpg,wrinkles no_freakles no_glasses black has_thick_hair
emotionet_5_first_50000_20224.jpg,no_wrinkles no_freakles no_glasses white has_thick_hair
emotionet_5_first_50000_20555.jpg,no_wrinkles no_freakles no_glasses blond has_thick_hair
emotionet_5_first_50000_20584.jpg,no_wrinkles no_freakles no_glasses black has_thick_hair
emotionet_5_first_50000_20667.jpg,no_wrinkles no_freakles no_glasses black has_thick_hair
emotionet_5_first_50000_20761.jpg,no_wrinkles no_freakles no_glasses blond has_thick_hair
emotionet_5_first_50000_20905.jpg,no_wrinkles no_freakles no_glasses black has_thick_hair
emotionet_5_first_50000_20983.jpg,no_wrinkles no_freakles no_glasses other bald_or_shaved
emotionet_5_first_50000_21020.jpg,no_wrinkles no_freakles no_glasses black has_thick_hair
emotionet_5_first_50000_21077.jpg,wrinkles no_freakles no_glasses brown has_thick_hair
emotionet_5_first_50000_21231.jpg,no_wrinkles no_freakles no_glasses black has_thick_hair
emotionet_5_first_50000_21268.jpg,no_wrinkles no_freakles no_glasses black has_thick_hair
emotionet_5_first_50000_21330.jpg,no_wrinkles no_freakles no_glasses black has_thick_hair
emotionet_5_first_50000_21337.jpg,no_wrinkles no_freakles no_glasses black has_thick_hair
emotionet_5_first_50000_21369.jpg,no_wrinkles no_freakles no_glasses black has_thick_hair
emotionet_5_first_50000_21463.jpg,no_wrinkles no_freakles no_glasses red has_thick_hair
emotionet_5_first_50000_21540.jpg,no_wrinkles no_freakles sunglasses black has_thick_hair
emotionet_5_first_50000_21562.jpg,no_wrinkles no_freakles no_glasses brown has_thick_hair
emotionet_5_first_50000_21650.jpg,no_wrinkles no_freakles no_glasses black has_thick_hair
emotionet_5_first_50000_21659.jpg,no_wrinkles no_freakles no_glasses black has_thick_hair
emotionet_5_first_50000_21688.jpg,no_wrinkles no_freakles no_glasses black has_thick_hair
emotionet_5_first_50000_21751.jpg,no_wrinkles no_freakles no_glasses brown has_thick_hair
emotionet_5_first_50000_21756.jpg,no_wrinkles no_freakles no_glasses brown has_thick_hair
emotionet_5_first_50000_21774.jpg,no_wrinkles no_freakles no_glasses black has_thick_hair
emotionet_5_first_50000_21816.jpg,no_wrinkles no_freakles no_glasses black has_thick_hair
emotionet_5_first_50000_21935.jpg,no_wrinkles no_freakles no_glasses black has_thick_hair
emotionet_5_first_50000_22099.jpg,no_wrinkles no_freakles no_glasses white has_thick_hair
emotionet_5_first_50000_22109.jpeg,no_wrinkles no_freakles no_glasses black bald_or_shaved
emotionet_5_first_50000_22132.jpg,no_wrinkles no_freakles no_glasses black has_thick_hair
emotionet_5_first_50000_22222.jpg,no_wrinkles no_freakles no_glasses black has_thick_hair
emotionet_5_first_50000_22275.jpg,wrinkles no_freakles no_glasses white has_thick_hair
emotionet_5_first_50000_22301.jpg,no_wrinkles no_freakles no_glasses black has_thick_hair
emotionet_5_first_50000_22358.jpg,no_wrinkles no_freakles no_glasses blond has_thick_hair
emotionet_5_first_50000_22477.jpg,no_wrinkles no_freakles no_glasses black has_thick_hair
emotionet_5_first_50000_22554.jpg,wrinkles no_freakles no_glasses white has_thick_hair
emotionet_5_first_50000_22576.jpg,no_wrinkles no_freakles no_glasses black has_thick_hair
emotionet_5_first_50000_22638.jpg,no_wrinkles no_freakles no_glasses brown has_thick_hair
emotionet_5_first_50000_22686.JPG,no_wrinkles no_freakles no_glasses black has_few_hairs
emotionet_5_first_50000_22695.jpg,wrinkles no_freakles no_glasses gray has_thick_hair
emotionet_5_first_50000_22829.jpg,no_wrinkles no_freakles no_glasses brown has_thick_hair
emotionet_5_first_50000_22879.jpg,wrinkles no_freakles normal_glasses black bald_or_shaved
emotionet_5_first_50000_22904.jpg,wrinkles no_freakles no_glasses black has_thick_hair
emotionet_5_first_50000_22971.jpg,no_wrinkles no_freakles no_glasses white has_thick_hair
emotionet_5_first_50000_23021.jpg,wrinkles no_freakles no_glasses white has_thick_hair
emotionet_5_first_50000_23085.jpg,no_wrinkles no_freakles no_glasses brown has_thick_hair
emotionet_5_first_50000_23215.jpg,no_wrinkles freakles no_glasses brown has_thick_hair
emotionet_5_first_50000_23343.jpg,no_wrinkles no_freakles normal_glasses black has_thick_hair
emotionet_5_first_50000_23419.jpg,no_wrinkles no_freakles no_glasses brown has_thick_hair
emotionet_5_first_50000_23435.jpg,no_wrinkles no_freakles normal_glasses brown has_thick_hair
emotionet_5_first_50000_23447.jpg,no_wrinkles no_freakles no_glasses brown bald_or_shaved
emotionet_5_first_50000_23462.jpg,no_wrinkles no_freakles no_glasses brown has_thick_hair
emotionet_5_first_50000_23496.jpg,no_wrinkles no_freakles no_glasses black has_thick_hair
emotionet_5_first_50000_23563.jpg,no_wrinkles no_freakles no_glasses black has_thick_hair
emotionet_5_first_50000_23656.jpg,no_wrinkles no_freakles no_glasses black has_few_hairs
emotionet_5_first_50000_23674.jpg,no_wrinkles no_freakles no_glasses black has_few_hairs
emotionet_5_first_50000_23757.jpg,no_wrinkles no_freakles normal_glasses gray has_thick_hair
emotionet_5_first_50000_23786.jpg,no_wrinkles no_freakles no_glasses white has_few_hairs
emotionet_5_first_50000_23835.jpg,no_wrinkles no_freakles no_glasses brown has_thick_hair
emotionet_5_first_50000_23896.jpg,no_wrinkles no_freakles normal_glasses white has_few_hairs
emotionet_5_first_50000_24008.jpg,no_wrinkles no_freakles no_glasses gray has_thick_hair
emotionet_5_first_50000_24087.jpg,wrinkles no_freakles no_glasses brown bald_or_shaved
emotionet_5_first_50000_24161.JPG,no_wrinkles no_freakles no_glasses gray has_few_hairs
emotionet_5_first_50000_24219.jpg,no_wrinkles no_freakles no_glasses black has_thick_hair
emotionet_5_first_50000_24318.jpg,no_wrinkles no_freakles no_glasses white has_thick_hair
emotionet_5_first_50000_24348.jpg,no_wrinkles no_freakles no_glasses brown bald_or_shaved
emotionet_5_first_50000_24390.jpg,no_wrinkles no_freakles no_glasses blond has_thick_hair
emotionet_5_first_50000_24442.jpg,no_wrinkles no_freakles normal_glasses brown has_thick_hair
emotionet_5_first_50000_24493.jpg,wrinkles no_freakles normal_glasses brown bald_or_shaved
emotionet_5_first_50000_24568.jpg,no_wrinkles no_freakles no_glasses black has_thick_hair
emotionet_5_first_50000_24621.jpg,no_wrinkles no_freakles no_glasses gray has_thick_hair
emotionet_5_first_50000_24720.jpg,no_wrinkles no_freakles no_glasses white has_thick_hair
emotionet_5_first_50000_24784.jpg,no_wrinkles no_freakles no_glasses black has_thick_hair
emotionet_5_first_50000_24842.jpg,no_wrinkles no_freakles no_glasses blond has_thick_hair
emotionet_5_first_50000_24914.jpg,no_wrinkles no_freakles no_glasses black has_thick_hair
emotionet_5_first_50000_24944.jpg,no_wrinkles no_freakles no_glasses black has_thick_hair
emotionet_5_first_50000_24966.jpg,no_wrinkles no_freakles no_glasses black has_few_hairs
emotionet_5_first_50000_25043.jpg,no_wrinkles no_freakles no_glasses brown has_thick_hair
emotionet_5_first_50000_25044.jpg,no_wrinkles no_freakles no_glasses red has_thick_hair
emotionet_5_first_50000_25066.jpg,no_wrinkles no_freakles normal_glasses black has_thick_hair
emotionet_5_first_50000_25095.jpg,no_wrinkles no_freakles no_glasses blond has_thick_hair
emotionet_5_first_50000_25167.jpg,no_wrinkles no_freakles no_glasses blond has_thick_hair
emotionet_5_first_50000_25252.jpg,wrinkles no_freakles no_glasses brown has_thick_hair
emotionet_5_first_50000_25353.jpg,no_wrinkles no_freakles no_glasses black bald_or_shaved
emotionet_5_first_50000_25400.jpg,no_wrinkles no_freakles no_glasses black has_thick_hair
emotionet_5_first_50000_25459.jpg,no_wrinkles no_freakles no_glasses black has_thick_hair
emotionet_5_first_50000_25524.jpg,no_wrinkles no_freakles no_glasses brown has_thick_hair
emotionet_5_first_50000_25648.jpg,no_wrinkles no_freakles no_glasses black has_thick_hair
emotionet_5_first_50000_25679.JPG,no_wrinkles no_freakles no_glasses black has_thick_hair
emotionet_5_first_50000_25732.jpg,no_wrinkles no_freakles no_glasses white has_thick_hair
emotionet_5_first_50000_25796.jpg,no_wrinkles no_freakles normal_glasses white bald_or_shaved
emotionet_5_first_50000_25844.JPG,no_wrinkles no_freakles no_glasses brown bald_or_shaved
emotionet_5_first_50000_25857.jpg,no_wrinkles no_freakles no_glasses black has_thick_hair
emotionet_5_first_50000_25881.jpg,no_wrinkles no_freakles no_glasses gray has_thick_hair
emotionet_5_first_50000_25973.jpg,no_wrinkles no_freakles sunglasses brown has_thick_hair
emotionet_5_first_50000_25987.jpg,wrinkles no_freakles no_glasses brown has_thick_hair
emotionet_5_first_50000_26156.jpg,no_wrinkles no_freakles no_glasses gray has_thick_hair
emotionet_5_first_50000_26174.jpg,no_wrinkles no_freakles sunglasses brown has_thick_hair
emotionet_5_first_50000_26187.jpg,no_wrinkles no_freakles no_glasses brown bald_or_shaved
emotionet_5_first_50000_26241.jpg,wrinkles no_freakles no_glasses brown bald_or_shaved
emotionet_5_first_50000_26290.jpg,no_wrinkles no_freakles no_glasses brown bald_or_shaved
emotionet_5_first_50000_26317.jpg,no_wrinkles no_freakles no_glasses black has_few_hairs
emotionet_5_first_50000_26414.jpg,no_wrinkles no_freakles no_glasses brown has_thick_hair
emotionet_5_first_50000_26515.jpg,no_wrinkles no_freakles no_glasses black has_thick_hair
emotionet_5_first_50000_26537.jpg,no_wrinkles no_freakles no_glasses black has_few_hairs
emotionet_5_first_50000_26569.jpg,no_wrinkles no_freakles no_glasses brown bald_or_shaved
emotionet_5_first_50000_26627.jpg,no_wrinkles no_freakles no_glasses black has_thick_hair
emotionet_5_first_50000_26939.jpg,no_wrinkles no_freakles no_glasses white bald_or_shaved
emotionet_5_first_50000_26967.jpg,no_wrinkles no_freakles no_glasses black has_thick_hair
emotionet_5_first_50000_26993.jpg,no_wrinkles no_freakles no_glasses blond has_few_hairs
emotionet_5_first_50000_27138.jpg,no_wrinkles no_freakles no_glasses blond has_thick_hair
emotionet_5_first_50000_27195.jpg,no_wrinkles no_freakles no_glasses brown has_thick_hair
emotionet_5_first_50000_27228.jpg,no_wrinkles no_freakles no_glasses black has_thick_hair
emotionet_5_first_50000_27282.jpg,no_wrinkles no_freakles no_glasses brown has_thick_hair
emotionet_5_first_50000_27285.jpg,no_wrinkles no_freakles no_glasses black has_thick_hair
emotionet_5_first_50000_27384.jpg,no_wrinkles no_freakles no_glasses black has_thick_hair
emotionet_5_first_50000_27507.jpg,no_wrinkles no_freakles no_glasses black has_thick_hair
emotionet_5_first_50000_27559.jpg,no_wrinkles no_freakles no_glasses brown has_thick_hair
emotionet_5_first_50000_27588.jpg,wrinkles no_freakles no_glasses brown has_thick_hair
emotionet_5_first_50000_27640.jpg,no_wrinkles no_freakles no_glasses white has_thick_hair
emotionet_5_first_50000_27764.jpg,wrinkles no_freakles no_glasses brown has_few_hairs
emotionet_5_first_50000_27851.jpg,wrinkles no_freakles no_glasses black bald_or_shaved
emotionet_5_first_50000_27880.jpg,no_wrinkles no_freakles no_glasses brown has_thick_hair
emotionet_5_first_50000_27887.jpg,no_wrinkles no_freakles no_glasses brown has_thick_hair
emotionet_5_first_50000_27957.jpg,no_wrinkles no_freakles no_glasses black has_thick_hair
emotionet_5_first_50000_27986.jpg,no_wrinkles no_freakles no_glasses black has_thick_hair
emotionet_5_first_50000_28044.jpg,no_wrinkles no_freakles no_glasses black has_thick_hair
emotionet_5_first_50000_28303.jpg,no_wrinkles no_freakles no_glasses black has_thick_hair
emotionet_5_first_50000_28326.jpg,no_wrinkles no_freakles normal_glasses brown has_thick_hair
emotionet_5_first_50000_28450.jpg,no_wrinkles no_freakles no_glasses blond has_thick_hair
emotionet_5_first_50000_28488.jpg,no_wrinkles no_freakles no_glasses black has_thick_hair
emotionet_5_first_50000_28551.jpg,no_wrinkles no_freakles no_glasses brown has_thick_hair
emotionet_5_first_50000_28580.jpg,wrinkles no_freakles no_glasses brown bald_or_shaved
emotionet_5_first_50000_28663.jpg,no_wrinkles no_freakles no_glasses gray has_thick_hair
emotionet_5_first_50000_28719.jpg,no_wrinkles no_freakles no_glasses black has_thick_hair
emotionet_5_first_50000_28791.jpg,no_wrinkles no_freakles no_glasses blond has_thick_hair
emotionet_5_first_50000_28807.jpg,no_wrinkles no_freakles no_glasses brown has_thick_hair
emotionet_5_first_50000_28857.jpg,no_wrinkles no_freakles no_glasses black has_thick_hair
emotionet_5_first_50000_28886.jpg,no_wrinkles no_freakles no_glasses black has_thick_hair
emotionet_5_first_50000_28973.jpg,no_wrinkles no_freakles no_glasses black has_thick_hair
emotionet_5_first_50000_29006.jpg,no_wrinkles no_freakles no_glasses black has_thick_hair
emotionet_5_first_50000_29089.jpg,no_wrinkles no_freakles no_glasses brown has_thick_hair
emotionet_5_first_50000_29107.jpg,no_wrinkles no_freakles no_glasses brown has_thick_hair
emotionet_5_first_50000_29219.jpg,no_wrinkles no_freakles no_glasses blond has_thick_hair
emotionet_5_first_50000_29298.jpg,no_wrinkles no_freakles no_glasses black has_thick_hair
emotionet_5_first_50000_29333.jpg,no_wrinkles no_freakles no_glasses black has_thick_hair
emotionet_5_first_50000_29341.jpg,no_wrinkles no_freakles no_glasses black has_thick_hair
emotionet_5_first_50000_29399.jpg,no_wrinkles no_freakles no_glasses black has_thick_hair
emotionet_5_first_50000_29538.jpg,wrinkles no_freakles no_glasses black has_thick_hair
emotionet_5_first_50000_29561.jpg,no_wrinkles no_freakles no_glasses black has_thick_hair
emotionet_5_first_50000_29592.jpg,no_wrinkles no_freakles no_glasses black bald_or_shaved
emotionet_5_first_50000_29755.jpg,no_wrinkles no_freakles no_glasses black has_thick_hair
emotionet_5_first_50000_29815.jpg,no_wrinkles no_freakles no_glasses black has_thick_hair
emotionet_5_first_50000_29961.jpg,no_wrinkles no_freakles no_glasses black has_thick_hair
emotionet_5_first_50000_29975.JPG,no_wrinkles no_freakles no_glasses blond has_thick_hair
emotionet_5_first_50000_30000.jpg,no_wrinkles no_freakles no_glasses black has_thick_hair
emotionet_5_first_50000_30124.jpg,no_wrinkles no_freakles no_glasses brown has_thick_hair
emotionet_5_first_50000_30158.jpg,no_wrinkles no_freakles no_glasses brown has_thick_hair
emotionet_5_first_50000_30299.jpg,no_wrinkles no_freakles no_glasses black has_thick_hair
emotionet_5_first_50000_30349.jpg,no_wrinkles no_freakles no_glasses brown has_few_hairs
emotionet_5_first_50000_30413.jpg,no_wrinkles no_freakles no_glasses brown has_thick_hair
emotionet_5_first_50000_30443.jpg,no_wrinkles no_freakles no_glasses black has_thick_hair
emotionet_5_first_50000_30466.jpg,no_wrinkles no_freakles no_glasses black has_thick_hair
emotionet_5_first_50000_30539.jpg,no_wrinkles no_freakles no_glasses black has_thick_hair
emotionet_5_first_50000_30684.jpg,no_wrinkles no_freakles no_glasses black has_thick_hair
emotionet_5_first_50000_30754.jpg,no_wrinkles no_freakles no_glasses brown has_thick_hair
emotionet_5_first_50000_30785.jpg,no_wrinkles no_freakles no_glasses black bald_or_shaved
emotionet_5_first_50000_30831.jpg,wrinkles no_freakles no_glasses black bald_or_shaved
emotionet_5_first_50000_30836.jpg,no_wrinkles no_freakles normal_glasses black has_thick_hair
emotionet_5_first_50000_30861.jpg,no_wrinkles no_freakles no_glasses black has_thick_hair
emotionet_5_first_50000_30915.jpg,no_wrinkles no_freakles no_glasses black has_thick_hair
emotionet_5_first_50000_31069.jpg,no_wrinkles no_freakles no_glasses brown has_thick_hair
emotionet_5_first_50000_31144.jpg,wrinkles no_freakles no_glasses brown has_thick_hair
emotionet_5_first_50000_31221.jpg,no_wrinkles no_freakles no_glasses black has_thick_hair
emotionet_5_first_50000_31302.jpg,no_wrinkles no_freakles no_glasses blond has_thick_hair
emotionet_5_first_50000_31408.jpg,no_wrinkles no_freakles no_glasses black has_thick_hair
emotionet_5_first_50000_31473.jpg,no_wrinkles no_freakles no_glasses brown has_thick_hair
emotionet_5_first_50000_31525.jpg,no_wrinkles no_freakles no_glasses brown bald_or_shaved
emotionet_5_first_50000_31557.jpg,no_wrinkles no_freakles no_glasses brown has_thick_hair
emotionet_5_first_50000_31572.jpg,no_wrinkles no_freakles no_glasses black has_thick_hair
emotionet_5_first_50000_31640.jpg,no_wrinkles no_freakles no_glasses black has_thick_hair
emotionet_5_first_50000_31662.jpg,no_wrinkles no_freakles normal_glasses white has_thick_hair
emotionet_5_first_50000_31746.jpg,no_wrinkles no_freakles no_glasses black has_thick_hair
emotionet_5_first_50000_31797.jpg,no_wrinkles no_freakles no_glasses brown has_thick_hair
emotionet_5_first_50000_31907.jpg,wrinkles no_freakles no_glasses brown has_thick_hair
emotionet_5_first_50000_31925.jpg,no_wrinkles no_freakles no_glasses black has_thick_hair
emotionet_5_first_50000_31957.jpg,no_wrinkles no_freakles no_glasses blond has_thick_hair
emotionet_5_first_50000_31986.jpg,no_wrinkles no_freakles no_glasses black has_thick_hair
emotionet_5_first_50000_32100.jpg,no_wrinkles no_freakles no_glasses black has_thick_hair
emotionet_5_first_50000_32107.jpg,no_wrinkles no_freakles no_glasses black has_thick_hair
emotionet_5_first_50000_32217.jpg,no_wrinkles no_freakles no_glasses brown has_thick_hair
emotionet_5_first_50000_32232.jpg,no_wrinkles no_freakles no_glasses white has_thick_hair
emotionet_5_first_50000_32333.jpg,no_wrinkles no_freakles no_glasses black has_thick_hair
emotionet_5_first_50000_32346.jpg,no_wrinkles no_freakles no_glasses brown has_thick_hair
emotionet_5_first_50000_32494.jpg,no_wrinkles no_freakles no_glasses black has_thick_hair
emotionet_5_first_50000_32595.jpg,no_wrinkles no_freakles sunglasses brown has_thick_hair
emotionet_5_first_50000_32671.jpg,no_wrinkles no_freakles no_glasses brown has_thick_hair
emotionet_5_first_50000_32755.jpg,wrinkles no_freakles no_glasses black has_thick_hair
emotionet_5_first_50000_32812.jpg,no_wrinkles no_freakles no_glasses brown bald_or_shaved
emotionet_5_first_50000_32830.jpg,no_wrinkles no_freakles no_glasses brown bald_or_shaved
emotionet_5_first_50000_32842.jpg,no_wrinkles no_freakles no_glasses black has_thick_hair
emotionet_5_first_50000_32913.jpg,no_wrinkles no_freakles no_glasses black has_thick_hair
emotionet_5_first_50000_33032.jpeg,no_wrinkles no_freakles no_glasses blond has_thick_hair
emotionet_5_first_50000_33115.jpg,no_wrinkles no_freakles no_glasses black has_thick_hair
emotionet_5_first_50000_33137.jpg,no_wrinkles no_freakles no_glasses black has_thick_hair
emotionet_5_first_50000_33169.jpg,no_wrinkles no_freakles no_glasses blond has_thick_hair
emotionet_5_first_50000_33304.jpg,wrinkles no_freakles no_glasses brown has_thick_hair
emotionet_5_first_50000_33486.jpg,no_wrinkles no_freakles no_glasses black has_thick_hair
emotionet_5_first_50000_33508.jpg,no_wrinkles no_freakles no_glasses blond has_thick_hair
emotionet_5_first_50000_33551.jpg,no_wrinkles no_freakles no_glasses brown has_thick_hair
emotionet_5_first_50000_33573.jpg,no_wrinkles no_freakles no_glasses brown has_thick_hair
emotionet_5_first_50000_33611.jpg,no_wrinkles no_freakles no_glasses black has_thick_hair
emotionet_5_first_50000_33646.jpg,no_wrinkles no_freakles no_glasses black has_thick_hair
emotionet_5_first_50000_33690.jpg,no_wrinkles no_freakles no_glasses brown bald_or_shaved
emotionet_5_first_50000_33740.jpg,no_wrinkles no_freakles no_glasses brown has_thick_hair
emotionet_5_first_50000_33825.jpg,no_wrinkles no_freakles no_glasses white has_thick_hair
emotionet_5_first_50000_33888.jpg,no_wrinkles no_freakles no_glasses black has_thick_hair
emotionet_5_first_50000_33908.jpg,no_wrinkles no_freakles no_glasses brown has_thick_hair
emotionet_5_first_50000_33989.jpg,no_wrinkles no_freakles no_glasses brown has_thick_hair
emotionet_5_first_50000_34018.jpg,no_wrinkles no_freakles no_glasses blond has_thick_hair
emotionet_5_first_50000_34064.jpg,no_wrinkles no_freakles no_glasses brown has_thick_hair
emotionet_5_first_50000_34110.jpg,wrinkles no_freakles no_glasses brown has_thick_hair
emotionet_5_first_50000_34140.jpg,wrinkles no_freakles no_glasses brown has_thick_hair
emotionet_5_first_50000_34209.jpg,no_wrinkles no_freakles no_glasses black has_thick_hair
emotionet_5_first_50000_34323.jpg,no_wrinkles no_freakles no_glasses white has_thick_hair
emotionet_5_first_50000_34380.jpg,no_wrinkles no_freakles normal_glasses brown has_thick_hair
emotionet_5_first_50000_34405.jpg,wrinkles no_freakles normal_glasses white has_thick_hair
emotionet_5_first_50000_34427.jpg,wrinkles no_freakles no_glasses black has_thick_hair
emotionet_5_first_50000_34571.jpg,wrinkles no_freakles no_glasses brown has_thick_hair
emotionet_5_first_50000_34578.jpg,wrinkles no_freakles no_glasses brown has_thick_hair
emotionet_5_first_50000_34613.jpg,no_wrinkles no_freakles no_glasses black has_thick_hair
emotionet_5_first_50000_34666.jpg,no_wrinkles no_freakles no_glasses white has_thick_hair
emotionet_5_first_50000_34737.jpg,no_wrinkles no_freakles no_glasses white has_thick_hair
emotionet_5_first_50000_34793.jpg,no_wrinkles no_freakles no_glasses white bald_or_shaved
emotionet_5_first_50000_34884.jpg,no_wrinkles no_freakles no_glasses brown bald_or_shaved
emotionet_5_first_50000_34982.jpg,no_wrinkles no_freakles no_glasses red has_thick_hair
emotionet_5_first_50000_35062.JPG,no_wrinkles no_freakles no_glasses brown has_thick_hair
emotionet_5_first_50000_35102.jpg,no_wrinkles no_freakles no_glasses blond has_thick_hair
emotionet_5_first_50000_35183.jpg,no_wrinkles no_freakles normal_glasses black has_thick_hair
emotionet_5_first_50000_35239.jpg,wrinkles no_freakles no_glasses white has_thick_hair
emotionet_5_first_50000_35260.jpg,no_wrinkles no_freakles no_glasses brown has_thick_hair
emotionet_5_first_50000_35293.jpg,no_wrinkles no_freakles no_glasses black has_thick_hair
emotionet_5_first_50000_35338.jpg,no_wrinkles no_freakles no_glasses gray has_thick_hair
emotionet_5_first_50000_35361.jpg,no_wrinkles no_freakles no_glasses brown has_thick_hair
emotionet_5_first_50000_35395.jpg,no_wrinkles no_freakles no_glasses black has_thick_hair
emotionet_5_first_50000_35483.jpeg,no_wrinkles no_freakles no_glasses brown bald_or_shaved
emotionet_5_first_50000_35511.jpg,wrinkles no_freakles normal_glasses gray has_thick_hair
emotionet_5_first_50000_35516.jpg,no_wrinkles no_freakles no_glasses black has_thick_hair
emotionet_5_first_50000_35601.jpg,no_wrinkles no_freakles no_glasses brown has_thick_hair
emotionet_5_first_50000_35750.jpg,no_wrinkles no_freakles no_glasses brown has_thick_hair
emotionet_5_first_50000_35781.jpg,no_wrinkles no_freakles sunglasses brown has_thick_hair
emotionet_5_first_50000_35819.jpg,no_wrinkles no_freakles normal_glasses gray has_thick_hair
emotionet_5_first_50000_35847.jpg,no_wrinkles no_freakles no_glasses brown has_thick_hair
emotionet_5_first_50000_35898.jpg,no_wrinkles no_freakles no_glasses black has_thick_hair
emotionet_5_first_50000_35963.jpg,no_wrinkles no_freakles no_glasses black has_thick_hair
emotionet_5_first_50000_35997.jpg,no_wrinkles no_freakles no_glasses black bald_or_shaved
emotionet_5_first_50000_36047.jpg,no_wrinkles no_freakles normal_glasses brown has_thick_hair
emotionet_5_first_50000_36065.jpg,no_wrinkles no_freakles no_glasses black has_thick_hair
emotionet_5_first_50000_36118.jpg,wrinkles no_freakles normal_glasses brown has_few_hairs
emotionet_5_first_50000_36163.jpg,wrinkles no_freakles normal_glasses gray has_few_hairs
emotionet_5_first_50000_36208.jpg,no_wrinkles no_freakles no_glasses black has_thick_hair
emotionet_5_first_50000_36274.jpg,no_wrinkles no_freakles no_glasses black has_few_hairs
emotionet_5_first_50000_36309.jpg,no_wrinkles no_freakles no_glasses black has_thick_hair
emotionet_5_first_50000_36375.jpg,no_wrinkles no_freakles no_glasses brown bald_or_shaved
emotionet_5_first_50000_36476.jpg,no_wrinkles no_freakles no_glasses blond has_thick_hair
emotionet_5_first_50000_36478.jpg,no_wrinkles no_freakles no_glasses black has_thick_hair
emotionet_5_first_50000_36520.jpg,no_wrinkles no_freakles no_glasses black has_thick_hair
emotionet_5_first_50000_36552.jpg,no_wrinkles no_freakles no_glasses black has_thick_hair
emotionet_5_first_50000_36694.jpg,no_wrinkles freakles no_glasses black has_thick_hair
emotionet_5_first_50000_36731.jpg,no_wrinkles no_freakles no_glasses brown has_thick_hair
emotionet_5_first_50000_36768.jpg,no_wrinkles no_freakles no_glasses brown has_thick_hair
emotionet_5_first_50000_36854.jpg,no_wrinkles no_freakles no_glasses brown has_thick_hair
emotionet_5_first_50000_36920.jpg,no_wrinkles no_freakles no_glasses blond has_thick_hair
emotionet_5_first_50000_36984.jpg,no_wrinkles no_freakles no_glasses black has_thick_hair
emotionet_5_first_50000_37005.jpg,no_wrinkles no_freakles no_glasses brown bald_or_shaved
emotionet_5_first_50000_37055.jpg,no_wrinkles no_freakles normal_glasses blond has_thick_hair
emotionet_5_first_50000_37077.jpg,no_wrinkles no_freakles no_glasses black has_thick_hair
emotionet_5_first_50000_37147.JPG,no_wrinkles no_freakles no_glasses black has_thick_hair
emotionet_5_first_50000_37295.jpg,no_wrinkles no_freakles no_glasses blond has_thick_hair
emotionet_5_first_50000_37367.jpg,no_wrinkles no_freakles no_glasses blond has_thick_hair
emotionet_5_first_50000_37418.jpg,no_wrinkles no_freakles no_glasses black has_thick_hair
emotionet_5_first_50000_37434.jpg,no_wrinkles no_freakles no_glasses black has_thick_hair
emotionet_5_first_50000_37598.jpg,no_wrinkles no_freakles no_glasses red has_thick_hair
emotionet_5_first_50000_37625.jpg,no_wrinkles no_freakles no_glasses black has_thick_hair
emotionet_5_first_50000_37686.jpg,no_wrinkles no_freakles sunglasses gray has_thick_hair
emotionet_5_first_50000_37701.jpg,no_wrinkles no_freakles no_glasses black has_thick_hair
emotionet_5_first_50000_37706.jpg,wrinkles no_freakles no_glasses brown has_thick_hair
emotionet_5_first_50000_37773.jpg,no_wrinkles no_freakles no_glasses black has_thick_hair
emotionet_5_first_50000_37864.jpg,no_wrinkles no_freakles no_glasses black has_thick_hair
emotionet_5_first_50000_37996.jpg,no_wrinkles no_freakles no_glasses black has_thick_hair
emotionet_5_first_50000_38021.jpg,no_wrinkles no_freakles no_glasses black has_thick_hair
emotionet_5_first_50000_38127.jpg,no_wrinkles no_freakles no_glasses gray has_thick_hair
emotionet_5_first_50000_38215.jpg,no_wrinkles no_freakles no_glasses black has_thick_hair
emotionet_5_first_50000_38269.jpg,no_wrinkles no_freakles no_glasses brown has_thick_hair
emotionet_5_first_50000_38314.jpg,no_wrinkles no_freakles no_glasses brown has_thick_hair
emotionet_5_first_50000_38344.jpg,no_wrinkles no_freakles no_glasses blond has_thick_hair
emotionet_5_first_50000_38432.jpg,no_wrinkles no_freakles sunglasses black has_thick_hair
emotionet_5_first_50000_38462.jpg,no_wrinkles no_freakles no_glasses black has_thick_hair
emotionet_5_first_50000_38465.jpg,no_wrinkles no_freakles normal_glasses brown has_few_hairs
emotionet_5_first_50000_38597.jpg,no_wrinkles no_freakles no_glasses black has_thick_hair
emotionet_5_first_50000_38750.jpg,no_wrinkles no_freakles no_glasses black has_thick_hair
emotionet_5_first_50000_38772.jpg,no_wrinkles no_freakles no_glasses black has_thick_hair
emotionet_5_first_50000_38781.jpg,no_wrinkles no_freakles no_glasses black has_thick_hair
emotionet_5_first_50000_38817.jpg,no_wrinkles no_freakles sunglasses black has_few_hairs
emotionet_5_first_50000_38891.jpg,wrinkles no_freakles no_glasses gray has_few_hairs
emotionet_5_first_50000_38964.jpg,wrinkles no_freakles no_glasses brown bald_or_shaved
emotionet_5_first_50000_39041.jpg,no_wrinkles no_freakles no_glasses black has_thick_hair
emotionet_5_first_50000_39099.jpg,no_wrinkles no_freakles no_glasses white has_thick_hair
emotionet_5_first_50000_39200.jpg,no_wrinkles no_freakles no_glasses white has_thick_hair
emotionet_5_first_50000_39306.jpg,no_wrinkles no_freakles no_glasses gray has_few_hairs
emotionet_5_first_50000_39324.jpg,no_wrinkles no_freakles no_glasses brown has_few_hairs
emotionet_5_first_50000_39429.jpg,no_wrinkles no_freakles no_glasses black has_thick_hair
emotionet_5_first_50000_39483.jpg,no_wrinkles no_freakles no_glasses brown bald_or_shaved
emotionet_5_first_50000_39571.jpg,no_wrinkles no_freakles no_glasses white has_thick_hair
emotionet_5_first_50000_39585.jpg,no_wrinkles no_freakles no_glasses blond has_thick_hair
emotionet_5_first_50000_39739.jpg,no_wrinkles no_freakles normal_glasses gray has_thick_hair
emotionet_5_first_50000_39767.jpg,no_wrinkles no_freakles no_glasses blond has_thick_hair
emotionet_5_first_50000_39827.jpg,wrinkles no_freakles no_glasses black has_thick_hair
emotionet_5_first_50000_39903.jpg,wrinkles no_freakles no_glasses brown bald_or_shaved
emotionet_5_first_50000_39976.jpg,no_wrinkles no_freakles no_glasses blond has_few_hairs
emotionet_5_first_50000_40039.jpg,no_wrinkles no_freakles no_glasses brown has_thick_hair
emotionet_5_first_50000_40060.jpg,no_wrinkles no_freakles no_glasses black has_thick_hair
emotionet_5_first_50000_40094.jpg,no_wrinkles no_freakles normal_glasses black has_thick_hair
emotionet_5_first_50000_40161.jpg,no_wrinkles no_freakles no_glasses black has_thick_hair
emotionet_5_first_50000_40276.jpg,no_wrinkles no_freakles no_glasses black has_thick_hair
emotionet_5_first_50000_40329.jpg,no_wrinkles no_freakles no_glasses brown bald_or_shaved
emotionet_5_first_50000_40377.jpg,no_wrinkles no_freakles no_glasses brown has_thick_hair
emotionet_5_first_50000_40401.jpg,no_wrinkles no_freakles no_glasses red has_thick_hair
emotionet_5_first_50000_40500.jpg,no_wrinkles freakles no_glasses black has_thick_hair
emotionet_5_first_50000_40525.jpg,no_wrinkles no_freakles no_glasses brown has_thick_hair
emotionet_5_first_50000_40536.JPG,wrinkles no_freakles no_glasses blond has_thick_hair
emotionet_5_first_50000_40632.jpg,wrinkles no_freakles normal_glasses black has_thick_hair
emotionet_5_first_50000_40851.jpg,wrinkles no_freakles no_glasses brown has_thick_hair
emotionet_5_first_50000_40880.jpg,wrinkles no_freakles no_glasses gray has_few_hairs
emotionet_5_first_50000_40950.jpg,no_wrinkles no_freakles no_glasses black has_thick_hair
emotionet_5_first_50000_41075.jpg,no_wrinkles no_freakles no_glasses gray has_thick_hair
emotionet_5_first_50000_41156.jpg,no_wrinkles no_freakles normal_glasses brown has_thick_hair
emotionet_5_first_50000_41174.jpg,no_wrinkles no_freakles normal_glasses white has_few_hairs
emotionet_5_first_50000_41252.jpeg,wrinkles no_freakles normal_glasses blond has_thick_hair
emotionet_5_first_50000_41263.jpg,wrinkles no_freakles no_glasses brown has_few_hairs
emotionet_5_first_50000_41340.jpg,no_wrinkles no_freakles no_glasses black has_few_hairs
emotionet_5_first_50000_41413.jpg,wrinkles no_freakles no_glasses black has_thick_hair
emotionet_5_first_50000_41414.jpg,wrinkles no_freakles normal_glasses white has_few_hairs
emotionet_5_first_50000_41602.jpg,wrinkles no_freakles no_glasses brown has_few_hairs
emotionet_5_first_50000_41605.jpg,no_wrinkles no_freakles no_glasses brown has_thick_hair
emotionet_5_first_50000_41728.jpg,no_wrinkles no_freakles no_glasses brown has_thick_hair
emotionet_5_first_50000_41831.jpg,no_wrinkles no_freakles no_glasses brown bald_or_shaved
emotionet_5_first_50000_41956.jpeg,no_wrinkles no_freakles no_glasses blond has_thick_hair
emotionet_5_first_50000_41969.jpg,no_wrinkles no_freakles no_glasses brown has_thick_hair
emotionet_5_first_50000_41994.jpg,no_wrinkles freakles no_glasses other has_thick_hair
emotionet_5_first_50000_42092.jpg,no_wrinkles no_freakles no_glasses white has_thick_hair
emotionet_5_first_50000_42137.jpg,no_wrinkles no_freakles no_glasses black has_thick_hair
emotionet_5_first_50000_42160.jpg,no_wrinkles no_freakles normal_glasses black has_thick_hair
emotionet_5_first_50000_42220.jpg,no_wrinkles no_freakles no_glasses gray has_thick_hair
emotionet_5_first_50000_42252.jpg,no_wrinkles no_freakles no_glasses blond has_thick_hair
emotionet_5_first_50000_42277.jpg,no_wrinkles no_freakles no_glasses brown has_thick_hair
emotionet_5_first_50000_42283.jpg,no_wrinkles no_freakles no_glasses black has_thick_hair
emotionet_5_first_50000_42354.jpg,no_wrinkles no_freakles no_glasses black has_thick_hair
emotionet_5_first_50000_42385.jpg,no_wrinkles no_freakles no_glasses blond has_few_hairs
emotionet_5_first_50000_42407.jpg,no_wrinkles no_freakles no_glasses brown has_few_hairs
emotionet_5_first_50000_42459.jpg,no_wrinkles no_freakles no_glasses brown has_thick_hair
emotionet_5_first_50000_42506.jpg,wrinkles no_freakles no_glasses black has_thick_hair
emotionet_5_first_50000_42524.jpg,no_wrinkles no_freakles no_glasses blond has_few_hairs
emotionet_5_first_50000_42587.jpg,no_wrinkles no_freakles no_glasses black bald_or_shaved
emotionet_5_first_50000_42611.jpg,no_wrinkles no_freakles no_glasses black has_few_hairs
emotionet_5_first_50000_42633.jpg,no_wrinkles no_freakles no_glasses blond has_thick_hair
emotionet_5_first_50000_42690.jpg,wrinkles no_freakles no_glasses black bald_or_shaved
emotionet_5_first_50000_42710.jpg,no_wrinkles no_freakles no_glasses black has_few_hairs
emotionet_5_first_50000_42717.jpg,no_wrinkles no_freakles no_glasses black has_thick_hair
emotionet_5_first_50000_42749.jpg,no_wrinkles no_freakles no_glasses blond has_thick_hair
emotionet_5_first_50000_42875.jpg,no_wrinkles no_freakles no_glasses black has_few_hairs
emotionet_5_first_50000_42908.jpg,no_wrinkles no_freakles no_glasses black has_thick_hair
emotionet_5_first_50000_42956.jpg,no_wrinkles no_freakles no_glasses other has_thick_hair
emotionet_5_first_50000_43056.jpg,no_wrinkles no_freakles no_glasses blond has_thick_hair
emotionet_5_first_50000_43080.jpg,no_wrinkles no_freakles no_glasses black has_thick_hair
emotionet_5_first_50000_43159.jpg,no_wrinkles no_freakles no_glasses blond has_thick_hair
emotionet_5_first_50000_43181.jpg,no_wrinkles no_freakles no_glasses black has_thick_hair
emotionet_5_first_50000_43188.jpg,no_wrinkles no_freakles no_glasses black has_thick_hair
emotionet_5_first_50000_43240.jpg,no_wrinkles no_freakles no_glasses brown bald_or_shaved
emotionet_5_first_50000_43262.jpg,wrinkles no_freakles no_glasses white has_thick_hair
emotionet_5_first_50000_43276.JPG,no_wrinkles no_freakles no_glasses black has_thick_hair
emotionet_5_first_50000_43296.jpg,no_wrinkles no_freakles no_glasses black has_thick_hair
emotionet_5_first_50000_43415.jpg,no_wrinkles no_freakles no_glasses white has_thick_hair
emotionet_5_first_50000_43469.jpg,no_wrinkles no_freakles normal_glasses black has_few_hairs
emotionet_5_first_50000_43538.jpg,no_wrinkles no_freakles no_glasses white has_thick_hair
emotionet_5_first_50000_43626.jpg,no_wrinkles no_freakles no_glasses white has_few_hairs
emotionet_5_first_50000_43777.jpg,no_wrinkles no_freakles no_glasses brown has_thick_hair
emotionet_5_first_50000_43812.jpg,no_wrinkles no_freakles no_glasses gray has_thick_hair
emotionet_5_first_50000_43845.jpg,no_wrinkles no_freakles no_glasses black has_thick_hair
emotionet_5_first_50000_43893.jpg,no_wrinkles no_freakles no_glasses blond has_thick_hair
emotionet_5_first_50000_43894.jpg,wrinkles no_freakles no_glasses blond has_few_hairs
emotionet_5_first_50000_43943.jpg,no_wrinkles no_freakles no_glasses brown has_thick_hair
emotionet_5_first_50000_43992.jpg,no_wrinkles no_freakles no_glasses black has_thick_hair
emotionet_5_first_50000_43995.jpg,no_wrinkles no_freakles normal_glasses black has_thick_hair
emotionet_5_first_50000_44004.jpg,no_wrinkles no_freakles no_glasses black has_thick_hair
emotionet_5_first_50000_44076.jpg,wrinkles no_freakles no_glasses black has_thick_hair
emotionet_5_first_50000_44152.jpg,no_wrinkles no_freakles no_glasses brown bald_or_shaved
emotionet_5_first_50000_44313.jpg,no_wrinkles no_freakles normal_glasses brown has_thick_hair
emotionet_5_first_50000_44331.jpg,no_wrinkles no_freakles no_glasses black has_thick_hair
emotionet_5_first_50000_44361.jpg,no_wrinkles no_freakles no_glasses blond has_thick_hair
emotionet_5_first_50000_44417.jpg,no_wrinkles no_freakles no_glasses blond has_thick_hair
emotionet_5_first_50000_44462.jpg,no_wrinkles no_freakles normal_glasses black has_thick_hair
emotionet_5_first_50000_44465.jpg,no_wrinkles no_freakles no_glasses black has_few_hairs
emotionet_5_first_50000_44546.jpg,no_wrinkles no_freakles normal_glasses gray has_thick_hair
emotionet_5_first_50000_44564.jpg,wrinkles no_freakles no_glasses white has_thick_hair
emotionet_5_first_50000_44608.jpg,no_wrinkles no_freakles no_glasses black has_thick_hair
emotionet_5_first_50000_44680.jpg,no_wrinkles no_freakles no_glasses gray has_thick_hair
emotionet_5_first_50000_44687.jpg,no_wrinkles no_freakles no_glasses brown has_few_hairs
emotionet_5_first_50000_44709.jpg,no_wrinkles no_freakles no_glasses brown bald_or_shaved
emotionet_5_first_50000_44766.JPG,wrinkles no_freakles no_glasses brown has_few_hairs
emotionet_5_first_50000_44770.jpeg,no_wrinkles no_freakles no_glasses brown has_thick_hair
emotionet_5_first_50000_44795.JPG,wrinkles no_freakles no_glasses white has_thick_hair
emotionet_5_first_50000_44802.jpeg,no_wrinkles no_freakles no_glasses gray has_thick_hair
emotionet_5_first_50000_44819.jpg,no_wrinkles freakles no_glasses blond has_thick_hair
emotionet_5_first_50000_44911.jpg,no_wrinkles no_freakles no_glasses brown has_thick_hair
emotionet_5_first_50000_44920.JPG,wrinkles no_freakles no_glasses black has_few_hairs
emotionet_5_first_50000_44941.jpg,no_wrinkles no_freakles no_glasses brown has_thick_hair
emotionet_5_first_50000_45011.jpg,no_wrinkles no_freakles no_glasses black has_thick_hair
emotionet_5_first_50000_45034.jpg,wrinkles no_freakles no_glasses brown bald_or_shaved
emotionet_5_first_50000_45099.jpg,no_wrinkles no_freakles no_glasses brown has_thick_hair
emotionet_5_first_50000_45110.jpg,no_wrinkles no_freakles no_glasses black has_thick_hair
emotionet_5_first_50000_45140.jpg,no_wrinkles no_freakles no_glasses black has_thick_hair
emotionet_5_first_50000_45257.jpg,no_wrinkles no_freakles no_glasses gray has_thick_hair
emotionet_5_first_50000_45288.jpg,no_wrinkles no_freakles no_glasses white has_thick_hair
emotionet_5_first_50000_45483.jpg,no_wrinkles no_freakles no_glasses black has_thick_hair
emotionet_5_first_50000_45484.jpg,no_wrinkles no_freakles no_glasses black has_thick_hair
emotionet_5_first_50000_45585.jpg,no_wrinkles no_freakles no_glasses black has_thick_hair
emotionet_5_first_50000_45638.jpg,no_wrinkles no_freakles no_glasses brown has_thick_hair
emotionet_5_first_50000_45742.jpg,no_wrinkles no_freakles no_glasses black has_thick_hair
emotionet_5_first_50000_45802.jpg,wrinkles no_freakles no_glasses black has_thick_hair
emotionet_5_first_50000_45877.jpg,wrinkles no_freakles no_glasses black has_thick_hair
emotionet_5_first_50000_45921.jpg,no_wrinkles no_freakles no_glasses white has_thick_hair
emotionet_5_first_50000_45926.jpg,no_wrinkles no_freakles normal_glasses brown has_few_hairs
emotionet_5_first_50000_46079.jpg,no_wrinkles no_freakles no_glasses gray has_thick_hair
emotionet_5_first_50000_46104.jpg,no_wrinkles no_freakles no_glasses brown has_thick_hair
emotionet_5_first_50000_46171.jpg,no_wrinkles no_freakles no_glasses black has_thick_hair
emotionet_5_first_50000_46213.jpg,no_wrinkles no_freakles no_glasses brown has_few_hairs
emotionet_5_first_50000_46236.jpg,no_wrinkles no_freakles no_glasses white has_thick_hair
emotionet_5_first_50000_46337.jpg,no_wrinkles no_freakles no_glasses brown bald_or_shaved
emotionet_5_first_50000_46393.jpg,no_wrinkles no_freakles no_glasses brown has_thick_hair
emotionet_5_first_50000_46441.jpg,wrinkles no_freakles no_glasses brown bald_or_shaved
emotionet_5_first_50000_46448.jpg,no_wrinkles no_freakles no_glasses white has_few_hairs
emotionet_5_first_50000_46505.jpeg,no_wrinkles no_freakles no_glasses black has_thick_hair
emotionet_5_first_50000_46547.jpg,wrinkles no_freakles no_glasses gray has_thick_hair
emotionet_5_first_50000_46607.jpg,wrinkles no_freakles no_glasses white has_thick_hair
emotionet_5_first_50000_46650.jpg,no_wrinkles no_freakles no_glasses brown has_thick_hair
emotionet_5_first_50000_46672.jpg,no_wrinkles no_freakles no_glasses black has_thick_hair
emotionet_5_first_50000_46675.jpg,no_wrinkles no_freakles no_glasses black has_few_hairs
emotionet_5_first_50000_46751.jpg,no_wrinkles no_freakles no_glasses brown has_thick_hair
emotionet_5_first_50000_46780.jpg,no_wrinkles no_freakles normal_glasses black has_thick_hair
emotionet_5_first_50000_46846.jpg,wrinkles no_freakles no_glasses gray has_few_hairs
emotionet_5_first_50000_46897.jpg,no_wrinkles no_freakles no_glasses blond has_thick_hair
emotionet_5_first_50000_46910.jpg,no_wrinkles no_freakles no_glasses black has_thick_hair
emotionet_5_first_50000_47017.jpg,no_wrinkles no_freakles no_glasses brown has_thick_hair
emotionet_5_first_50000_47098.jpg,no_wrinkles no_freakles sunglasses black has_thick_hair
emotionet_5_first_50000_47133.jpg,no_wrinkles no_freakles no_glasses blond has_thick_hair
emotionet_5_first_50000_47199.jpg,no_wrinkles no_freakles normal_glasses black has_thick_hair
emotionet_5_first_50000_47206.jpg,no_wrinkles no_freakles no_glasses black has_few_hairs
emotionet_5_first_50000_47289.jpg,no_wrinkles no_freakles no_glasses brown has_thick_hair
emotionet_5_first_50000_47322.jpg,no_wrinkles no_freakles no_glasses brown has_thick_hair
emotionet_5_first_50000_47325.jpg,no_wrinkles no_freakles no_glasses blond has_thick_hair
emotionet_5_first_50000_47471.jpg,no_wrinkles no_freakles no_glasses black has_thick_hair
emotionet_5_first_50000_47485.jpg,no_wrinkles no_freakles no_glasses brown has_thick_hair
emotionet_5_first_50000_47639.jpg,no_wrinkles no_freakles no_glasses black has_thick_hair
emotionet_5_first_50000_47694.jpg,no_wrinkles no_freakles normal_glasses gray has_thick_hair
emotionet_5_first_50000_47738.jpg,no_wrinkles no_freakles no_glasses brown has_thick_hair
emotionet_5_first_50000_47744.jpg,no_wrinkles no_freakles no_glasses brown has_thick_hair
emotionet_5_first_50000_47795.jpg,no_wrinkles no_freakles no_glasses blond has_thick_hair
emotionet_5_first_50000_47854.jpg,no_wrinkles no_freakles no_glasses brown bald_or_shaved
emotionet_5_first_50000_47905.jpg,no_wrinkles no_freakles no_glasses blond has_few_hairs
emotionet_5_first_50000_48018.jpg,wrinkles no_freakles no_glasses blond has_thick_hair
emotionet_5_first_50000_48090.jpg,no_wrinkles no_freakles normal_glasses white has_thick_hair
emotionet_5_first_50000_48147.jpg,no_wrinkles no_freakles no_glasses black has_few_hairs
emotionet_5_first_50000_48286.jpg,no_wrinkles no_freakles no_glasses black has_thick_hair
emotionet_5_first_50000_48387.jpg,no_wrinkles no_freakles no_glasses black has_few_hairs
emotionet_5_first_50000_48470.jpg,no_wrinkles no_freakles no_glasses black has_thick_hair
emotionet_5_first_50000_48479.jpg,no_wrinkles no_freakles no_glasses black has_thick_hair
emotionet_5_first_50000_48526.jpg,no_wrinkles no_freakles normal_glasses white has_few_hairs
emotionet_5_first_50000_48659.JPG,no_wrinkles no_freakles no_glasses brown has_thick_hair
emotionet_5_first_50000_48712.jpg,no_wrinkles no_freakles sunglasses brown has_thick_hair
emotionet_5_first_50000_48767.jpg,no_wrinkles no_freakles no_glasses blond has_thick_hair
emotionet_5_first_50000_48802.jpg,no_wrinkles no_freakles no_glasses brown has_thick_hair
emotionet_5_first_50000_48877.jpg,no_wrinkles no_freakles no_glasses black has_thick_hair
emotionet_5_first_50000_48897.JPG,no_wrinkles no_freakles no_glasses blond has_thick_hair
emotionet_5_first_50000_48971.jpg,no_wrinkles no_freakles no_glasses black has_thick_hair
emotionet_5_first_50000_49003.jpg,no_wrinkles no_freakles no_glasses brown has_thick_hair
emotionet_5_first_50000_49071.jpg,no_wrinkles no_freakles no_glasses brown bald_or_shaved
emotionet_5_first_50000_49155.jpg,no_wrinkles no_freakles no_glasses brown has_thick_hair
emotionet_5_first_50000_49183.jpg,no_wrinkles no_freakles no_glasses black has_thick_hair
emotionet_5_first_50000_49366.jpg,no_wrinkles no_freakles no_glasses white has_thick_hair
emotionet_5_first_50000_49417.jpg,no_wrinkles no_freakles no_glasses black has_thick_hair
emotionet_5_first_50000_49429.jpeg,no_wrinkles no_freakles normal_glasses white has_few_hairs
emotionet_5_first_50000_49534.jpg,no_wrinkles no_freakles no_glasses brown has_thick_hair
emotionet_5_first_50000_49546.jpg,no_wrinkles no_freakles no_glasses black has_thick_hair
emotionet_5_first_50000_49623.jpg,no_wrinkles no_freakles no_glasses red has_thick_hair
emotionet_5_first_50000_49658.jpg,no_wrinkles no_freakles no_glasses black has_thick_hair
emotionet_5_first_50000_49680.jpg,no_wrinkles no_freakles no_glasses black has_thick_hair
emotionet_5_first_50000_49775.jpg,no_wrinkles no_freakles no_glasses brown has_thick_hair
emotionet_5_first_50000_49810.jpg,no_wrinkles no_freakles no_glasses black has_thick_hair
emotionet_5_first_50000_49840.jpg,wrinkles no_freakles normal_glasses black bald_or_shaved
emotionet_5_first_50000_49896.jpg,no_wrinkles no_freakles no_glasses gray has_thick_hair
emotionet_5_first_50000_49918.jpg,wrinkles no_freakles no_glasses black has_thick_hair
emotionet_5_first_50000_49948.jpg,no_wrinkles no_freakles no_glasses brown has_thick_hair
emotionet_5_first_50000_49990.jpg,no_wrinkles no_freakles no_glasses black has_thick_hair
emotionet_5_first_50000_49999.jpg,no_wrinkles no_freakles no_glasses blond has_thick_hair
